Model 1,Model 2,Both Correct (YY),M1 Correct / M2 Wrong (YN),M1 Wrong / M2 Correct (NY),Both Wrong (NN),Total,Chi-squared,p-value,Odds Ratio,CI_Lower_X,CI_Upper_Y,p_Bonferroni,p_Holm,Result_Raw,Result_Bonferroni,Result_Holm,Holm_Rank,Holm_Multiplier
U1,U2,1222,1493,68,31747,34530,1299.0237027546445,1.8424039540307375e-284,21.955882352941178,17.218728593767594,27.996304562851307,6.632654234510655e-283,1.6581635586276638e-283,U1 is significantly better (p-value),U1 is significantly better (p_Bonferroni),U1 is significantly better (p_Holm),28,9
U1,U3,2486,229,17764,14051,34530,17086.709053520815,0.0,0.012891240711551453,0.011315748795516448,0.014686088396466297,0.0,0.0,U3 is significantly better (p-value),U3 is significantly better (p_Bonferroni),U3 is significantly better (p_Holm),24,13
U1,autoph4,1681,1034,743,31072,34530,47.32695554305008,6.00803041041162e-12,1.3916554508748318,1.2664657845847689,1.529220068574226,2.1628909477481831e-10,1.201606082082324e-11,U1 is significantly better (p-value),U1 is significantly better (p_Bonferroni),U1 is significantly better (p_Holm),35,2
U1,dbautoph4,32,2683,67,31748,34530,2486.6272727272726,0.0,40.04477611940298,31.424088591825157,51.03040903691551,0.0,0.0,U1 is significantly better (p-value),U1 is significantly better (p_Bonferroni),U1 is significantly better (p_Holm),14,23
U1,elucidator,1415,1300,5896,25919,34530,2934.133546414675,0.0,0.22048846675712347,0.20763673846132236,0.2341356560171694,0.0,0.0,elucidator is significantly better (p-value),elucidator is significantly better (p_Bonferroni),elucidator is significantly better (p_Holm),13,24
U1,reversefp,2337,378,15681,16134,34530,14580.683977831746,0.0,0.024105605509852687,0.021767652974566665,0.026694665597415332,0.0,0.0,reversefp is significantly better (p-value),reversefp is significantly better (p_Bonferroni),reversefp is significantly better (p_Holm),12,25
U2,autoph4,1274,16,1150,32090,34530,1100.933962264151,2.0696335921918243e-241,0.01391304347826087,0.008494593130273674,0.02278776344662206,7.450680931890567e-240,1.448743514534277e-240,autoph4 is significantly better (p-value),autoph4 is significantly better (p_Bonferroni),autoph4 is significantly better (p_Holm),30,7
U2,dbautoph4,20,1270,79,33161,34530,1049.7405485544848,2.7715486475360434e-230,16.075949367088608,12.807769223370649,20.17807656790239,9.977575131129756e-229,1.662929188521626e-229,U2 is significantly better (p-value),U2 is significantly better (p_Bonferroni),U2 is significantly better (p_Holm),31,6
U2,elucidator,876,414,6435,26805,34530,5291.34180172288,0.0,0.06433566433566433,0.05824947029166045,0.07105777417007447,0.0,0.0,elucidator is significantly better (p-value),elucidator is significantly better (p_Bonferroni),elucidator is significantly better (p_Holm),7,30
U2,reversefp,1172,118,16846,16394,34530,16493.31107050224,0.0,0.007004630179271044,0.005844540223429012,0.008394987813013661,0.0,0.0,reversefp is significantly better (p-value),reversefp is significantly better (p_Bonferroni),reversefp is significantly better (p_Holm),6,31
U3,U2,1193,19057,97,14183,34530,18765.985225018274,0.0,196.46391752577318,160.92929528677914,239.84490095971222,0.0,0.0,U3 is significantly better (p-value),U3 is significantly better (p_Bonferroni),U3 is significantly better (p_Holm),11,26
U3,autoph4,2209,18041,215,14065,34530,17404.175339614372,0.0,83.91162790697675,73.35415628816008,95.988579983646,0.0,0.0,U3 is significantly better (p-value),U3 is significantly better (p_Bonferroni),U3 is significantly better (p_Holm),10,27
U3,dbautoph4,93,20157,6,14274,34530,20137.008381689233,0.0,3359.5,1509.0894003415733,7478.841377751008,0.0,0.0,U3 is significantly better (p-value),U3 is significantly better (p_Bonferroni),U3 is significantly better (p_Holm),9,28
U3,elucidator,5893,14357,1418,12862,34530,10611.210396196513,0.0,10.124823695345556,9.587217001127382,10.692576881255134,0.0,0.0,U3 is significantly better (p-value),U3 is significantly better (p_Bonferroni),U3 is significantly better (p_Holm),8,29
U3,reversefp,13803,6447,4215,10065,34530,466.8318326767961,1.5674366760777744e-103,1.5295373665480427,1.4712928994726286,1.5900875729810755,5.642772033879988e-102,7.837183380388872e-103,U3 is significantly better (p-value),U3 is significantly better (p_Bonferroni),U3 is significantly better (p_Holm),32,5
U4,U1,7,29,2708,31786,34530,2620.271830471319,0.0,0.01070901033973412,0.007427422995882742,0.015440470068838788,0.0,0.0,U1 is significantly better (p-value),U1 is significantly better (p_Bonferroni),U1 is significantly better (p_Holm),22,15
U4,U2,5,31,1285,33209,34530,1193.0159574468084,2.0096947280916648e-261,0.024124513618677044,0.01689438243993258,0.034448856559687116,7.234901021129993e-260,1.6077557824733319e-260,U2 is significantly better (p-value),U2 is significantly better (p_Bonferroni),U2 is significantly better (p_Holm),29,8
U4,U3,34,2,20216,14278,34530,20208.00123652191,0.0,9.893153937475267e-05,2.474021961801917e-05,0.00039560883590256026,0.0,0.0,U3 is significantly better (p-value),U3 is significantly better (p_Bonferroni),U3 is significantly better (p_Holm),21,16
U4,autoph4,11,25,2413,32081,34530,2337.0668580803936,0.0,0.010360547036883548,0.006986499218224447,0.01536405165887302,0.0,0.0,autoph4 is significantly better (p-value),autoph4 is significantly better (p_Bonferroni),autoph4 is significantly better (p_Holm),20,17
U4,dbautoph4,0,36,99,34395,34530,28.474074074074075,9.496160185157706e-08,0.36363636363636365,0.24831295964913488,0.5325191449754378,3.418617666656774e-06,9.496160185157706e-08,dbautoph4 is significantly better (p-value),dbautoph4 is significantly better (p_Bonferroni),dbautoph4 is significantly better (p_Holm),36,1
U4,elucidator,33,3,7278,27216,34530,7267.006729844801,0.0,0.00041220115416323167,0.00013290993788930104,0.0012783828974099428,0.0,0.0,elucidator is significantly better (p-value),elucidator is significantly better (p_Bonferroni),elucidator is significantly better (p_Holm),18,19
U4,reversefp,31,5,17987,16507,34530,17970.006725211206,0.0,0.00027797854005670765,0.00011568644240768293,0.0006679440315032701,0.0,0.0,reversefp is significantly better (p-value),reversefp is significantly better (p_Bonferroni),reversefp is significantly better (p_Holm),17,20
U5,U1,1040,2439,1675,29376,34530,141.50923675255225,1.245061309593518e-32,1.4561194029850746,1.368311051703532,1.5495626620203649,4.482220714536665e-31,3.735183928780554e-32,U5 is significantly better (p-value),U5 is significantly better (p_Bonferroni),U5 is significantly better (p_Holm),34,3
U5,U2,789,2690,501,30550,34530,1500.264493889063,0.0,5.369261477045908,4.8808412155366385,5.906557401851377,0.0,0.0,U5 is significantly better (p-value),U5 is significantly better (p_Bonferroni),U5 is significantly better (p_Holm),27,10
U5,U3,3246,233,17004,14047,34530,16315.652375703428,0.0,0.013702658198071042,0.012040900504629429,0.01559375410676081,0.0,0.0,U3 is significantly better (p-value),U3 is significantly better (p_Bonferroni),U3 is significantly better (p_Holm),19,18
U5,U4,13,3466,23,31028,34530,3395.63313270278,0.0,150.69565217391303,100.00500547513413,227.08042938678236,0.0,0.0,U5 is significantly better (p-value),U5 is significantly better (p_Bonferroni),U5 is significantly better (p_Holm),1,36
U5,autoph4,1133,2346,1291,29760,34530,305.44844652185867,2.1417723800409894e-68,1.8171959721146398,1.69786941841484,1.9449088164581363,7.710380568147562e-67,8.567089520163957e-68,U5 is significantly better (p-value),U5 is significantly better (p_Bonferroni),U5 is significantly better (p_Holm),33,4
U5,dbautoph4,83,3396,16,31035,34530,3346.319167643611,0.0,212.25,129.88012146207234,346.85879557908765,0.0,0.0,U5 is significantly better (p-value),U5 is significantly better (p_Bonferroni),U5 is significantly better (p_Holm),26,11
U5,elucidator,2164,1315,5147,25904,34530,2271.210306406685,0.0,0.2554886341558189,0.24047497030862539,0.2714396516986059,0.0,0.0,elucidator is significantly better (p-value),elucidator is significantly better (p_Bonferroni),elucidator is significantly better (p_Holm),25,12
U5,reversefp,3007,472,15011,16040,34530,13650.67777562488,0.0,0.03144360802078476,0.028690671120555265,0.03446069564599384,0.0,0.0,reversefp is significantly better (p-value),reversefp is significantly better (p_Bonferroni),reversefp is significantly better (p_Holm),23,14
autoph4,dbautoph4,34,2390,65,32041,34530,2199.9902240325864,0.0,36.76923076923077,28.73941739218926,47.04257963588309,0.0,0.0,autoph4 is significantly better (p-value),autoph4 is significantly better (p_Bonferroni),autoph4 is significantly better (p_Holm),5,32
autoph4,elucidator,1600,824,5711,26395,34530,3653.0980872226473,0.0,0.14428296270355453,0.13412023268263162,0.15521575611769098,0.0,0.0,elucidator is significantly better (p-value),elucidator is significantly better (p_Bonferroni),elucidator is significantly better (p_Holm),4,33
autoph4,reversefp,2180,244,15838,16268,34530,15118.868859594579,0.0,0.01540598560424296,0.01357618452146287,0.017482407672267473,0.0,0.0,reversefp is significantly better (p-value),reversefp is significantly better (p_Bonferroni),reversefp is significantly better (p_Holm),3,34
dbautoph4,elucidator,46,53,7265,27166,34530,7105.564498496857,0.0,0.00729525120440468,0.005567892730648898,0.009558497749500544,0.0,0.0,elucidator is significantly better (p-value),elucidator is significantly better (p_Bonferroni),elucidator is significantly better (p_Holm),2,35
dbautoph4,reversefp,88,11,17930,16501,34530,17895.029485535924,0.0,0.0006134969325153375,0.0003396894370771816,0.0011080076243884219,0.0,0.0,reversefp is significantly better (p-value),reversefp is significantly better (p_Bonferroni),reversefp is significantly better (p_Holm),15,22
elucidator,reversefp,5649,1662,12369,14850,34530,8168.94276958164,0.0,0.1343681785107931,0.1276609624405143,0.14142778693777516,0.0,0.0,reversefp is significantly better (p-value),reversefp is significantly better (p_Bonferroni),reversefp is significantly better (p_Holm),16,21
